id,iteracion,split,recording,Hallazgo,species,sugerencia,begin_time_s,end_time_s,low_freq_hz,high_freq_hz,score,pasa,fecha
train|missing|20240528_081654|lw/cs|9.267|8448,1,train,/home/fcandia/tesis-primate/data/raw/weddells_saddleBack_tamarin__LW/20240528_081654.wav,missing,lw/cs,,9.26745891571045,9.734580993652344,8448.039342536116,11047.37926297334,0.8668,si,2026-09-16T21:45:52
train|missing|20240528_081547|lw/cs|3.513|7717,1,train,/home/fcandia/tesis-primate/data/raw/weddells_saddleBack_tamarin__LW/20240528_081547.wav,missing,lw/cs,,3.513288974761963,3.954535961151123,7717.139570235091,10425.529727456718,0.8655,si,2026-09-16T21:46:20
train|missing|20240528_081547|lw/cs|4.03|7429,1,train,/home/fcandia/tesis-primate/data/raw/weddells_saddleBack_tamarin__LW/20240528_081547.wav,missing,lw/cs,,4.029645919799805,4.495195865631104,7429.091216952413,10371.719102493837,0.8623,si,2026-09-16T21:46:28
train|missing|20240223_165342|lw/cs|17.673|7449,1,train,/home/fcandia/tesis-primate/data/raw/weddells_saddleBack_tamarin__LW/20240223_165342.wav,missing,lw/cs,,17.672746658325195,18.13338088989257,7448.627563252511,9281.53498080282,0.8591,duda,2026-09-16T21:46:45
train|missing|20240528_081654|lw/cs|9.828|8010,1,train,/home/fcandia/tesis-primate/data/raw/weddells_saddleBack_tamarin__LW/20240528_081654.wav,missing,lw/cs,,9.827512741088867,10.290907859802246,8010.015028881344,10488.96577540611,0.8459,si,2026-09-16T21:46:54
train|missing|20240417_072910|lw/cs|30.472|8705,1,train,/home/fcandia/tesis-primate/data/raw/weddells_saddleBack_tamarin__LW/20240417_072910.wav,missing,lw/cs,,30.472335815429688,30.89263153076172,8704.886517091854,10021.488187584388,0.8449,duda,2026-09-17T00:56:00
train|missing|20240405_065028|lw/cs|56.291|7763,1,train,/home/fcandia/tesis-primate/data/raw/weddells_saddleBack_tamarin__LW/20240405_065028.wav,missing,lw/cs,,56.29063034057617,56.57958221435547,7763.366367410362,9328.098312617496,0.8444,si,2026-09-17T01:15:17
train|missing|20240429_104758|lw/cs|22.035|9411,1,train,/home/fcandia/tesis-primate/data/raw/peruvian_spider_monkey__AC/20240429_104758.wav,missing,lw/cs,,22.034832000732425,22.462299346923828,9411.248628309866,11751.469791269466,0.8407,si,2026-09-17T01:15:22
train|missing|20240528_081620|lw/cs|12.616|7606,1,train,/home/fcandia/tesis-primate/data/raw/weddells_saddleBack_tamarin__LW/20240528_081620.wav,missing,lw/cs,,12.616046905517578,13.054945945739746,7606.379212291014,9954.848655714182,0.8404,si,2026-09-17T01:15:38
train|missing|20240405_064940|lw/cs|37.141|8207,1,train,/home/fcandia/tesis-primate/data/raw/weddells_saddleBack_tamarin__LW/20240405_064940.wav,missing,lw/cs,,37.14148712158203,37.35447311401367,8207.211046918244,9556.732759121483,0.8346,si,2026-09-17T01:15:56
train|missing|20240223_165451|lw/cs|0.092|7335,1,train,/home/fcandia/tesis-primate/data/raw/weddells_saddleBack_tamarin__LW/20240223_165451.wav,missing,lw/cs,,0.0924964696168899,0.6427104473114014,7334.844082206879,9599.736052660726,0.8333,si,2026-09-17T01:16:04
train|missing|20240219_080817|lw/cs|14.122|9651,1,train,/home/fcandia/tesis-primate/data/raw/weddells_saddleBack_tamarin__LW/20240219_080817.wav,missing,lw/cs,,14.121841430664062,14.565807342529297,9650.825815712164,11912.379549131812,0.8219,si,2026-09-17T01:16:35
train|missing|20240223_165342|lw/cs|18.243|7527,1,train,/home/fcandia/tesis-primate/data/raw/weddells_saddleBack_tamarin__LW/20240223_165342.wav,missing,lw/cs,,18.24349021911621,18.670875549316406,7526.685930299824,9557.664006686651,0.8212,duda,2026-09-17T01:16:44
train|missing|20240223_165451|lw/cs|25.895|7595,1,train,/home/fcandia/tesis-primate/data/raw/weddells_saddleBack_tamarin__LW/20240223_165451.wav,missing,lw/cs,,25.89527130126953,26.502735137939453,7594.614881070674,9722.437969575449,0.8194,duda,2026-09-17T01:16:50
train|missing|20240223_165451|lw/cs|51.242|9058,1,train,/home/fcandia/tesis-primate/data/raw/weddells_saddleBack_tamarin__LW/20240223_165451.wav,missing,lw/cs,,51.24162292480469,51.72863006591797,9058.265287224069,11136.511237883053,0.8189,duda,2026-09-17T01:17:04
train|missing|20240219_080817|lw/cs|13.581|8932,1,train,/home/fcandia/tesis-primate/data/raw/weddells_saddleBack_tamarin__LW/20240219_080817.wav,missing,lw/cs,,13.58079433441162,13.999722480773926,8932.252878850211,11692.941265996791,0.8134,si,2026-09-17T01:17:20
train|missing|20240528_081547|lw/cs|3.041|8069,1,train,/home/fcandia/tesis-primate/data/raw/weddells_saddleBack_tamarin__LW/20240528_081547.wav,missing,lw/cs,,3.0407676696777344,3.4520819187164307,8068.9962874267185,10672.170345735243,0.8092,si,2026-09-17T01:17:28
train|missing|20240417_072910|lw/cs|5.285|8145,1,train,/home/fcandia/tesis-primate/data/raw/weddells_saddleBack_tamarin__LW/20240417_072910.wav,missing,lw/cs,,5.28526782989502,5.724557399749756,8145.4866680531695,10026.457644411996,0.8091,duda,2026-09-17T01:17:45
train|missing|20240207_064413|lw/cs|38.589|8887,1,train,/home/fcandia/tesis-primate/data/raw/weddells_saddleBack_tamarin__LW/20240207_064413.wav,missing,lw/cs,,38.58898162841797,38.99374771118164,8886.706391022428,11874.354219574703,0.809,si,2026-09-17T01:18:04
train|missing|20240217_092428|lw/cs|23.305|8417,1,train,/home/fcandia/tesis-primate/data/raw/weddells_saddleBack_tamarin__LW/20240217_092428.wav,missing,lw/cs,,23.305438995361328,23.563119888305664,8417.482376605889,10839.159902310566,0.807,si,2026-09-17T01:18:09
train|missing|20240219_080817|lw/cs|29.332|8793,1,train,/home/fcandia/tesis-primate/data/raw/weddells_saddleBack_tamarin__LW/20240219_080817.wav,missing,lw/cs,,29.3322696685791,29.70853805541992,8793.41301334442,11810.526563303458,0.8054,duda,2026-09-17T01:19:27
train|missing|20240214_101201|lw/cs|11.82|7348,1,train,/home/fcandia/tesis-primate/data/raw/weddells_saddleBack_tamarin__LW/20240214_101201.wav,missing,lw/cs,,11.820456504821776,12.306641578674316,7347.714365898486,9966.465373592044,0.8007,si,2026-09-17T01:19:47
train|missing|20240528_081824|lw/cs|11.549|6754,1,train,/home/fcandia/tesis-primate/data/raw/weddells_saddleBack_tamarin__LW/20240528_081824.wav,missing,lw/cs,,11.54868221282959,11.837322235107422,6754.143624965321,8069.043118975405,0.7997,duda,2026-09-17T01:20:05
train|missing|20240405_065028|lw/cs|56.693|7580,1,train,/home/fcandia/tesis-primate/data/raw/weddells_saddleBack_tamarin__LW/20240405_065028.wav,missing,lw/cs,,56.69252395629883,56.95913696289063,7580.28155644209,9111.926050077906,0.7977,si,2026-09-17T01:20:30
train|missing|20240621_152146|lw/cs|11.101|8872,1,train,/home/fcandia/tesis-primate/data/raw/weddells_saddleBack_tamarin__LW/20240621_152146.wav,missing,lw/cs,,11.10072135925293,11.592483520507812,8871.567550960477,10142.217027796958,0.7976,duda,2026-09-17T01:32:13
train|missing|20240405_065028|lw/cs|55.833|7993,1,train,/home/fcandia/tesis-primate/data/raw/weddells_saddleBack_tamarin__LW/20240405_065028.wav,missing,lw/cs,,55.83292007446289,56.18104934692383,7993.038784404844,9787.266320006816,0.7934,si,2026-09-17T01:32:16
train|missing|20240223_165451|lw/cs|26.607|7456,1,train,/home/fcandia/tesis-primate/data/raw/weddells_saddleBack_tamarin__LW/20240223_165451.wav,missing,lw/cs,,26.60700225830078,27.0,7456.126202030504,9611.601001354364,0.7898,si,2026-09-17T01:32:18
train|missing|20240621_151639|lw/cs|8.166|9436,1,train,/home/fcandia/tesis-primate/data/raw/weddells_saddleBack_tamarin__LW/20240621_151639.wav,missing,lw/cs,,8.165755271911621,8.57314682006836,9436.443880376051,11308.594893582982,0.7894,duda,2026-09-17T01:33:23
train|missing|20240313_165431|lw/cs|9.469|8061,1,train,/home/fcandia/tesis-primate/data/raw/weddells_saddleBack_tamarin__LW/20240313_165431.wav,missing,lw/cs,,9.469437599182127,9.880620002746582,8060.869400027046,9633.478418573066,0.7861,duda,2026-09-17T01:33:31
train|missing|20240417_072910|lw/cs|4.719|8195,1,train,/home/fcandia/tesis-primate/data/raw/weddells_saddleBack_tamarin__LW/20240417_072910.wav,missing,lw/cs,,4.719079494476318,5.068217277526856,8194.899045534987,9748.799254938927,0.7842,duda,2026-09-17T01:33:46
train|missing|20240207_064413|lw/cs|38.0|8673,1,train,/home/fcandia/tesis-primate/data/raw/weddells_saddleBack_tamarin__LW/20240207_064413.wav,missing,lw/cs,,37.99991226196289,38.36822891235352,8672.555178850038,11978.341360277524,0.7833,duda,2026-09-17T01:34:00
train|missing|20240611_070545|lw/cs|4.745|8307,1,train,/home/fcandia/tesis-primate/data/raw/howler_monkey__AS/20240611_070545.wav,missing,lw/cs,,4.744715690612793,5.208948135375977,8307.410389898552,9566.259913970018,0.7821,duda,2026-09-17T01:34:03
train|missing|20240210_121234|lw/cs|34.051|7854,1,train,/home/fcandia/tesis-primate/data/raw/weddells_saddleBack_tamarin__LW/20240210_121234.wav,missing,lw/cs,,34.05142974853516,34.371768951416016,7853.72037171071,9562.610305777664,0.7812,si,2026-09-17T01:34:15
train|missing|20240219_080618|lw/cs|25.5|8189,1,train,/home/fcandia/tesis-primate/data/raw/weddells_saddleBack_tamarin__LW/20240219_080618.wav,missing,lw/cs,,25.4998779296875,25.655118942260746,8189.434132039939,10250.467916437736,0.7802,duda,2026-09-17T01:34:21
train|missing|20240528_081654|lw/cs|13.719|6996,1,train,/home/fcandia/tesis-primate/data/raw/weddells_saddleBack_tamarin__LW/20240528_081654.wav,missing,lw/cs,,13.71902561187744,14.175368309020996,6995.846642773574,8822.424628659064,0.779,si,2026-09-17T01:34:23
train|missing|20240223_165451|lw/cs|50.724|9086,1,train,/home/fcandia/tesis-primate/data/raw/weddells_saddleBack_tamarin__LW/20240223_165451.wav,missing,lw/cs,,50.72356414794922,51.19777297973633,9085.969418211029,10804.696353914307,0.7786,si,2026-09-17T01:34:25
train|missing|20240417_074230|lw/cs|6.35|7410,1,train,/home/fcandia/tesis-primate/data/raw/weddells_saddleBack_tamarin__LW/20240417_074230.wav,missing,lw/cs,,6.349854946136475,6.891122817993164,7409.918210537148,10123.19236213261,0.7773,si,2026-09-17T01:34:31
train|missing|20240415_142132|lw/cs|2.71|7598,1,train,/home/fcandia/tesis-primate/data/raw/weddells_saddleBack_tamarin__LW/20240415_142132.wav,missing,lw/cs,,2.7100751399993896,3.0057647228240967,7598.147543347988,9651.117099158371,0.7754,duda,2026-09-17T01:34:34
train|missing|20240621_151639|lw/cs|7.641|9429,1,train,/home/fcandia/tesis-primate/data/raw/weddells_saddleBack_tamarin__LW/20240621_151639.wav,missing,lw/cs,,7.640687465667725,8.10312557220459,9429.398451332514,11441.579854118265,0.7711,duda,2026-09-17T01:34:37
train|missing|20240219_080817|lw/cs|4.641|8988,1,train,/home/fcandia/tesis-primate/data/raw/weddells_saddleBack_tamarin__LW/20240219_080817.wav,missing,lw/cs,,4.64149284362793,5.080310821533203,8987.910750478159,11769.713805757608,0.7707,duda,2026-09-17T01:34:40
train|missing|20240210_121234|lw/cs|96.102|7150,1,train,/home/fcandia/tesis-primate/data/raw/weddells_saddleBack_tamarin__LW/20240210_121234.wav,missing,lw/cs,,96.10166931152344,96.45653533935548,7149.782881739484,8733.712858235447,0.7706,si,2026-09-17T01:34:42
train|missing|20240621_151639|lw/cs|25.695|9077,1,train,/home/fcandia/tesis-primate/data/raw/weddells_saddleBack_tamarin__LW/20240621_151639.wav,missing,lw/cs,,25.695125579833984,26.132402420043945,9077.116917607244,10750.707544484269,0.7649,duda,2026-09-17T01:34:44
train|missing|20240223_165451|lw/cs|43.571|7761,1,train,/home/fcandia/tesis-primate/data/raw/weddells_saddleBack_tamarin__LW/20240223_165451.wav,missing,lw/cs,,43.570556640625,44.06242370605469,7760.633996240903,10069.361839463936,0.7642,si,2026-09-17T01:34:46
train|missing|20241226_100823|lw/cs|15.997|7769,1,train,/home/fcandia/tesis-primate/data/raw/peruvian_spider_monkey__AC/20241226_100823.wav,missing,lw/cs,,15.997303009033203,16.4916934967041,7769.033808290551,9885.272221502531,0.764,duda,2026-09-17T01:34:53
train|missing|20240621_151639|lw/cs|14.69|9581,1,train,/home/fcandia/tesis-primate/data/raw/weddells_saddleBack_tamarin__LW/20240621_151639.wav,missing,lw/cs,,14.689669609069824,15.0,9580.660156575645,11617.519306075676,0.7608,duda,2026-09-17T01:35:25
test|missing|20240405_065156|lw/cs|5.038|7796,1,test,/home/fcandia/tesis-primate/data/raw/weddells_saddleBack_tamarin__LW/20240405_065156.wav,missing,lw/cs,,5.037519454956055,5.544621467590332,7796.269106738428,10189.614205498456,0.7602,si,2026-09-17T01:35:27
val|missing|20240405_065325|lw/cs|11.36|8523,1,val,/home/fcandia/tesis-primate/data/raw/weddells_saddleBack_tamarin__LW/20240405_065325.wav,missing,lw/cs,,11.35970401763916,11.865671157836914,8523.488893020924,10473.42866810759,0.7596,si,2026-09-17T01:35:31
train|missing|20240528_081940|lw/cs|21.836|8443,1,train,/home/fcandia/tesis-primate/data/raw/weddells_saddleBack_tamarin__LW/20240528_081940.wav,missing,lw/cs,,21.835596084594727,22.08673477172852,8443.006708202542,9697.031570083447,0.7568,duda,2026-09-17T01:36:05
train|missing|20240528_081940|lw/cs|25.154|7148,1,train,/home/fcandia/tesis-primate/data/raw/weddells_saddleBack_tamarin__LW/20240528_081940.wav,missing,lw/cs,,25.15448760986328,25.496671676635746,7147.753137365736,9235.542953046284,0.7537,si,2026-09-17T01:36:08
test|missing|20240405_065156|lw/cs|7.983|7916,1,test,/home/fcandia/tesis-primate/data/raw/weddells_saddleBack_tamarin__LW/20240405_065156.wav,missing,lw/cs,,7.983036041259766,8.353199005126953,7916.255980058198,9443.19835154019,0.7528,si,2026-09-17T01:36:10
train|missing|20240528_081444|lw/cs|0.164|7786,1,train,/home/fcandia/tesis-primate/data/raw/weddells_saddleBack_tamarin__LW/20240528_081444.wav,missing,lw/cs,,0.1643540561199188,0.5008258819580078,7785.811396724859,9538.94153950833,0.7524,si,2026-09-17T01:36:13
train|missing|20240219_080618|lw/cs|61.345|7000,1,train,/home/fcandia/tesis-primate/data/raw/weddells_saddleBack_tamarin__LW/20240219_080618.wav,missing,lw/cs,,61.34540939331055,61.59328842163086,6999.666747131214,9548.060627829487,0.7519,si,2026-09-17T01:36:15
train|missing|20240207_063907|lw/cs|4.559|6773,1,train,/home/fcandia/tesis-primate/data/raw/weddells_saddleBack_tamarin__LW/20240207_063907.wav,missing,lw/cs,,4.558674812316895,4.81254768371582,6773.138478217666,8417.429938639489,0.7499,si,2026-09-17T01:36:16
test|missing|20240405_065156|lw/cs|4.474|8111,1,test,/home/fcandia/tesis-primate/data/raw/weddells_saddleBack_tamarin__LW/20240405_065156.wav,missing,lw/cs,,4.473812103271484,5.000241279602051,8111.416155298765,10440.933864953136,0.7496,si,2026-09-17T01:36:17
train|missing|20240528_081940|lw/cs|19.331|5803,1,train,/home/fcandia/tesis-primate/data/raw/weddells_saddleBack_tamarin__LW/20240528_081940.wav,missing,lw/cs,,19.33059883117676,19.589141845703125,5803.092795193373,7017.689138285659,0.745,si,2026-09-17T01:36:19
test|missing|20240611_071211|lw/cs|8.014|6744,1,test,/home/fcandia/tesis-primate/data/raw/howler_monkey__AS/20240611_071211.wav,missing,lw/cs,,8.014101028442383,8.549516677856445,6743.717807449351,8372.862203812396,0.744,si,2026-09-17T01:36:20
train|missing|20240528_081444|lw/cs|4.353|8081,1,train,/home/fcandia/tesis-primate/data/raw/weddells_saddleBack_tamarin__LW/20240528_081444.wav,missing,lw/cs,,4.352870941162109,4.643963813781738,8080.89773695869,9529.139270079871,0.7434,si,2026-09-17T01:36:22
train|missing|20240528_081746|lw/cs|2.15|8002,1,train,/home/fcandia/tesis-primate/data/raw/weddells_saddleBack_tamarin__LW/20240528_081746.wav,missing,lw/cs,,2.149943828582764,2.4256608486175537,8001.574599944829,9296.307859777931,0.7433,si,2026-09-17T01:36:23
train|missing|20240528_081940|lw/cs|17.367|7386,1,train,/home/fcandia/tesis-primate/data/raw/weddells_saddleBack_tamarin__LW/20240528_081940.wav,missing,lw/cs,,17.366662979125977,17.72046661376953,7385.753110701554,9103.93609721896,0.7417,si,2026-09-17T01:36:25
train|missing|20240520_070405|lw/cs|18.869|8114,1,train,/home/fcandia/tesis-primate/data/raw/weddells_saddleBack_tamarin__LW/20240520_070405.wav,missing,lw/cs,,18.869129180908203,19.1910457611084,8113.606432994639,10244.697741133574,0.7389,duda,2026-09-17T01:36:29
train|missing|20240429_104402|lw/cs|31.501|8241,1,train,/home/fcandia/tesis-primate/data/raw/weddells_saddleBack_tamarin__LW/20240429_104402.wav,missing,lw/cs,,31.500560760498047,32.00599670410156,8240.88426692697,11124.715608310697,0.7385,si,2026-09-17T01:36:33
train|missing|20240528_081824|lw/cs|29.568|6329,1,train,/home/fcandia/tesis-primate/data/raw/weddells_saddleBack_tamarin__LW/20240528_081824.wav,missing,lw/cs,,29.568239212036133,29.89702033996582,6328.502718104931,8521.497920831254,0.7373,duda,2026-09-17T01:36:36
train|missing|20240621_151639|lw/cs|15.339|9398,1,train,/home/fcandia/tesis-primate/data/raw/weddells_saddleBack_tamarin__LW/20240621_151639.wav,missing,lw/cs,,15.339391708374023,15.933185577392578,9397.944357749351,11314.78776412143,0.7359,si,2026-09-17T01:36:38
val|missing|20240405_065325|lw/cs|11.891|8113,1,val,/home/fcandia/tesis-primate/data/raw/weddells_saddleBack_tamarin__LW/20240405_065325.wav,missing,lw/cs,,11.890911102294922,12.32992458343506,8112.911277633986,10034.599663474688,0.7353,si,2026-09-17T01:36:40
val|missing|20240405_065325|lw/cs|28.768|8251,1,val,/home/fcandia/tesis-primate/data/raw/weddells_saddleBack_tamarin__LW/20240405_065325.wav,missing,lw/cs,,28.76847076416016,29.2817497253418,8250.65435407785,10246.831407149211,0.7345,si,2026-09-17T01:36:51
test|missing|20240611_071211|lw/cs|7.401|6828,1,test,/home/fcandia/tesis-primate/data/raw/howler_monkey__AS/20240611_071211.wav,missing,lw/cs,,7.400970935821533,7.999249458312988,6828.0848367279,8752.215134857228,0.7342,si,2026-09-17T01:36:52
train|missing|20240207_065212|lw/cs|18.942|7632,1,train,/home/fcandia/tesis-primate/data/raw/weddells_saddleBack_tamarin__LW/20240207_065212.wav,missing,lw/cs,,18.94248580932617,19.224308013916016,7631.633218934684,9538.09400720448,0.7342,duda,2026-09-17T01:37:11
train|missing|20240528_081654|lw/cs|10.367|8210,1,train,/home/fcandia/tesis-primate/data/raw/weddells_saddleBack_tamarin__LW/20240528_081654.wav,missing,lw/cs,,10.366743087768556,10.70521354675293,8210.232226801174,9909.905029766462,0.7326,si,2026-09-17T01:37:18
train|missing|20240528_081654|lw/cs|8.749|8565,1,train,/home/fcandia/tesis-primate/data/raw/weddells_saddleBack_tamarin__LW/20240528_081654.wav,missing,lw/cs,,8.748870849609375,9.192360877990724,8564.675572696753,10709.939304594032,0.7322,si,2026-09-17T01:37:20
train|missing|20240219_080817|lw/cs|36.002|8376,1,train,/home/fcandia/tesis-primate/data/raw/weddells_saddleBack_tamarin__LW/20240219_080817.wav,missing,lw/cs,,36.001556396484375,36.56585311889648,8375.764331408935,10795.69395480647,0.7319,si,2026-09-17T01:37:22
train|missing|20240219_075843|lw/cs|9.675|8180,1,train,/home/fcandia/tesis-primate/data/raw/weddells_saddleBack_tamarin__LW/20240219_075843.wav,missing,lw/cs,,9.674644470214844,9.951173782348633,8179.911443127031,9344.215050083354,0.7314,duda,2026-09-17T01:37:25
train|missing|20240429_104402|lw/cs|32.155|8092,1,train,/home/fcandia/tesis-primate/data/raw/weddells_saddleBack_tamarin__LW/20240429_104402.wav,missing,lw/cs,,32.15514373779297,32.55332946777344,8092.259077795704,10338.864779525546,0.7312,si,2026-09-17T01:37:26
train|missing|20240405_065028|lw/cs|55.5|8297,1,train,/home/fcandia/tesis-primate/data/raw/weddells_saddleBack_tamarin__LW/20240405_065028.wav,missing,lw/cs,,55.5,55.76423645019531,8296.962934183231,9652.250418577947,0.7259,duda,2026-09-17T01:37:31
train|missing|20240528_081746|lw/cs|1.674|8188,1,train,/home/fcandia/tesis-primate/data/raw/weddells_saddleBack_tamarin__LW/20240528_081746.wav,missing,lw/cs,,1.67368483543396,1.974713563919068,8188.484690143025,9780.775714065385,0.7236,si,2026-09-17T01:37:34
train|missing|20240219_080817|lw/cs|35.218|8519,1,train,/home/fcandia/tesis-primate/data/raw/weddells_saddleBack_tamarin__LW/20240219_080817.wav,missing,lw/cs,,35.21791458129883,35.94782257080078,8519.335049090136,11205.74716380975,0.7226,si,2026-09-17T01:37:44
train|missing|20240528_081940|lw/cs|18.636|6743,1,train,/home/fcandia/tesis-primate/data/raw/weddells_saddleBack_tamarin__LW/20240528_081940.wav,missing,lw/cs,,18.63618469238281,18.84919548034668,6743.07718911954,7697.209564261929,0.7222,duda,2026-09-17T01:37:55
train|missing|20240223_165342|lw/cs|52.426|9383,1,train,/home/fcandia/tesis-primate/data/raw/weddells_saddleBack_tamarin__LW/20240223_165342.wav,missing,lw/cs,,52.42605972290039,52.7437858581543,9382.667122018349,11044.496096485404,0.721,si,2026-09-17T01:37:59
test|missing|20240405_065156|lw/cs|5.574|7399,1,test,/home/fcandia/tesis-primate/data/raw/weddells_saddleBack_tamarin__LW/20240405_065156.wav,missing,lw/cs,,5.5736894607543945,5.986171722412109,7399.282205161306,9612.865566436478,0.7202,si,2026-09-17T01:38:00
val|missing|20250113_093732|lw/cs|0.234|7766,1,val,/home/fcandia/tesis-primate/data/raw/weddells_saddleBack_tamarin__LW/20250113_093732.wav,missing,lw/cs,,0.233940839767456,0.6777563095092773,7766.478729673096,9974.60351489379,0.7178,si,2026-09-17T01:38:03
test|missing|20240417_072715|lw/cs|16.658|8268,1,test,/home/fcandia/tesis-primate/data/raw/weddells_saddleBack_tamarin__LW/20240417_072715.wav,missing,lw/cs,,16.658405303955078,16.99878692626953,8268.400794735198,10071.410435769469,0.7153,si,2026-09-17T01:38:05
test|missing|20240417_072715|lw/cs|25.948|8051,1,test,/home/fcandia/tesis-primate/data/raw/weddells_saddleBack_tamarin__LW/20240417_072715.wav,missing,lw/cs,,25.94782447814941,26.5550537109375,8051.293889635101,10655.331516572362,0.714,si,2026-09-17T01:38:07
test|missing|20240406_064711|lw/cs|18.506|6540,1,test,/home/fcandia/tesis-primate/data/raw/weddells_saddleBack_tamarin__LW/20240406_064711.wav,missing,lw/cs,,18.50568962097168,18.8547306060791,6540.424143831086,7909.789661666651,0.7137,si,2026-09-17T01:38:08
train|missing|20240405_064940|lw/cs|38.938|6136,1,train,/home/fcandia/tesis-primate/data/raw/weddells_saddleBack_tamarin__LW/20240405_064940.wav,missing,lw/cs,,38.93759536743164,39.1439094543457,6136.293325598774,7828.870538239807,0.7123,duda,2026-09-17T01:38:12
test|missing|20240405_065156|lw/cs|7.129|8094,1,test,/home/fcandia/tesis-primate/data/raw/weddells_saddleBack_tamarin__LW/20240405_065156.wav,missing,lw/cs,,7.129093170166016,7.507292747497559,8093.698567203621,10114.70102425189,0.7117,si,2026-09-17T01:38:18
test|missing|20240405_065156|lw/cs|3.944|8443,1,test,/home/fcandia/tesis-primate/data/raw/weddells_saddleBack_tamarin__LW/20240405_065156.wav,missing,lw/cs,,3.944286823272705,4.399149894714356,8442.525944455614,10240.957522391613,0.7106,si,2026-09-17T01:38:20
val|missing|20240621_151709|lw/cs|10.044|9281,1,val,/home/fcandia/tesis-primate/data/raw/weddells_saddleBack_tamarin__LW/20240621_151709.wav,missing,lw/cs,,10.043642044067385,10.62057876586914,9280.550898805395,11378.740636064893,0.7106,duda,2026-09-17T01:38:22
val|missing|20240405_065325|lw/cs|29.313|7652,1,val,/home/fcandia/tesis-primate/data/raw/weddells_saddleBack_tamarin__LW/20240405_065325.wav,missing,lw/cs,,29.312894821166992,29.94680595397949,7652.496956584657,10457.324131085346,0.7105,si,2026-09-17T01:38:25
val|missing|20240207_064511|lw/cs|24.745|7425,1,val,/home/fcandia/tesis-primate/data/raw/weddells_saddleBack_tamarin__LW/20240207_064511.wav,missing,lw/cs,,24.7449893951416,25.21344757080078,7425.465289849376,9334.197281997049,0.7097,si,2026-09-17T01:38:26
val|missing|20240611_070514|lw/cs|0.129|6249,1,val,/home/fcandia/tesis-primate/data/raw/howler_monkey__AS/20240611_070514.wav,missing,lw/cs,,0.1291473358869552,0.5768393278121948,6248.97509180936,7671.189336141678,0.7095,si,2026-09-17T01:38:34
test|missing|20240405_065156|lw/cs|7.549|7790,1,test,/home/fcandia/tesis-primate/data/raw/weddells_saddleBack_tamarin__LW/20240405_065156.wav,missing,lw/cs,,7.549055576324463,7.9431610107421875,7790.246850771415,9677.581495832692,0.709,si,2026-09-17T01:38:36
val|missing|20240405_065325|lw/cs|18.246|6970,1,val,/home/fcandia/tesis-primate/data/raw/weddells_saddleBack_tamarin__LW/20240405_065325.wav,missing,lw/cs,,18.24634552001953,18.704864501953125,6969.792222804232,9128.369624242,0.7082,si,2026-09-17T01:38:37
train|missing|20240207_065212|lw/cs|18.465|7896,1,train,/home/fcandia/tesis-primate/data/raw/weddells_saddleBack_tamarin__LW/20240207_065212.wav,missing,lw/cs,,18.464988708496094,18.66401672363281,7896.354200367345,9279.821100653864,0.707,duda,2026-09-17T01:38:40
val|missing|20240417_074154|lw/cs|17.877|8092,1,val,/home/fcandia/tesis-primate/data/raw/weddells_saddleBack_tamarin__LW/20240417_074154.wav,missing,lw/cs,,17.87718391418457,18.284427642822266,8092.013467003969,10876.674940195082,0.7068,si,2026-09-17T01:38:42
train|missing|20240210_121234|lw/cs|96.598|6980,1,train,/home/fcandia/tesis-primate/data/raw/weddells_saddleBack_tamarin__LW/20240210_121234.wav,missing,lw/cs,,96.5979995727539,96.88333892822266,6980.029859089091,8430.548821743252,0.706,si,2026-09-17T01:38:44
train|missing|20240528_081620|lw/cs|19.455|6524,1,train,/home/fcandia/tesis-primate/data/raw/weddells_saddleBack_tamarin__LW/20240528_081620.wav,missing,lw/cs,,19.45513343811035,19.69640350341797,6523.649803944804,7661.509013889552,0.7054,si,2026-09-17T01:38:46
train|missing|20240210_121234|lw/cs|38.763|7309,1,train,/home/fcandia/tesis-primate/data/raw/weddells_saddleBack_tamarin__LW/20240210_121234.wav,missing,lw/cs,,38.76337432861328,39.14345550537109,7308.806598931471,9525.874632916824,0.7043,si,2026-09-17T01:38:48
train|missing|20240217_092428|lw/cs|22.907|8518,1,train,/home/fcandia/tesis-primate/data/raw/weddells_saddleBack_tamarin__LW/20240217_092428.wav,missing,lw/cs,,22.906822204589844,23.110260009765625,8517.551345808208,10494.938315901649,0.7043,duda,2026-09-17T01:39:06
train|missing|20240217_092428|lw/cs|22.393|7329,1,train,/home/fcandia/tesis-primate/data/raw/weddells_saddleBack_tamarin__LW/20240217_092428.wav,missing,lw/cs,,22.39343643188477,22.73828125,7328.805855334669,9156.26671080434,0.7041,duda,2026-09-17T01:39:09
val|missing|20240621_151709|lw/cs|30.185|8904,1,val,/home/fcandia/tesis-primate/data/raw/weddells_saddleBack_tamarin__LW/20240621_151709.wav,missing,lw/cs,,30.18513870239257,30.655282974243164,8903.672014092956,10584.729144687974,0.7027,si,2026-09-17T01:39:17
val|missing|20240207_064511|lw/cs|11.381|8604,1,val,/home/fcandia/tesis-primate/data/raw/weddells_saddleBack_tamarin__LW/20240207_064511.wav,missing,lw/cs,,11.381268501281738,11.639730453491213,8603.754535053973,10978.553333355105,0.6994,si,2026-09-17T01:39:19
train|missing|20240207_063907|lw/cs|2.045|7258,1,train,/home/fcandia/tesis-primate/data/raw/weddells_saddleBack_tamarin__LW/20240207_063907.wav,missing,lw/cs,,2.0453872680664062,2.279183387756348,7257.888371348344,9898.001601647273,0.698,duda,2026-09-17T01:39:37
test|missing|20240611_071211|lw/cs|22.933|6660,1,test,/home/fcandia/tesis-primate/data/raw/howler_monkey__AS/20240611_071211.wav,missing,lw/cs,,22.933000564575195,23.475669860839844,6659.723307235794,8639.0016789097,0.6966,si,2026-09-17T01:39:46
test|missing|20240405_065156|lw/cs|28.737|8138,1,test,/home/fcandia/tesis-primate/data/raw/weddells_saddleBack_tamarin__LW/20240405_065156.wav,missing,lw/cs,,28.73651695251465,29.10633850097656,8137.615639855835,10557.720238414087,0.6966,si,2026-09-17T01:39:47
val|missing|20240219_080515|lw/cs|3.934|7733,1,val,/home/fcandia/tesis-primate/data/raw/weddells_saddleBack_tamarin__LW/20240219_080515.wav,missing,lw/cs,,3.9335029125213614,4.289666175842285,7732.589663898103,9405.569858544231,0.6963,si,2026-09-17T01:39:50
test|missing|20240405_065156|lw/cs|8.4|7838,1,test,/home/fcandia/tesis-primate/data/raw/weddells_saddleBack_tamarin__LW/20240405_065156.wav,missing,lw/cs,,8.39980411529541,8.747714042663574,7837.699350583332,9278.75519925497,0.6962,si,2026-09-17T01:39:52
val|missing|20240219_080108|lw/cs|44.688|7173,1,val,/home/fcandia/tesis-primate/data/raw/weddells_saddleBack_tamarin__LW/20240219_080108.wav,missing,lw/cs,,44.68822479248047,45.18626022338867,7173.11661865919,9424.366623673804,0.6945,si,2026-09-17T01:40:00
val|missing|20240621_151709|lw/cs|10.633|9165,1,val,/home/fcandia/tesis-primate/data/raw/weddells_saddleBack_tamarin__LW/20240621_151709.wav,missing,lw/cs,,10.63328742980957,11.218570709228516,9164.62553388621,10981.686652301178,0.6943,duda,2026-09-17T01:40:04
test|missing|20240119_160049|lw/cs|10.994|7373,1,test,/home/fcandia/tesis-primate/data/raw/weddells_saddleBack_tamarin__LW/20240119_160049.wav,missing,lw/cs,,10.993528366088867,11.281518936157228,7373.142034511871,8916.1769266228,0.6934,si,2026-09-17T01:40:07
train|missing|20240528_081940|lw/cs|24.09|7654,1,train,/home/fcandia/tesis-primate/data/raw/weddells_saddleBack_tamarin__LW/20240528_081940.wav,missing,lw/cs,,24.08956527709961,24.468425750732425,7654.471911178687,10106.380604842878,0.6934,si,2026-09-17T01:40:08
test|missing|20240429_104638|lw/cs|15.248|6828,1,test,/home/fcandia/tesis-primate/data/raw/weddells_saddleBack_tamarin__LW/20240429_104638.wav,missing,lw/cs,,15.2484712600708,15.728551864624023,6827.84980015884,9141.686638502202,0.6916,duda,2026-09-17T01:40:11
test|missing|20240417_072715|lw/cs|26.611|8844,1,test,/home/fcandia/tesis-primate/data/raw/weddells_saddleBack_tamarin__LW/20240417_072715.wav,missing,lw/cs,,26.61142921447754,26.999969482421875,8844.460590314446,10434.539566932172,0.6905,si,2026-09-17T01:40:15
test|missing|20240417_072715|lw/cs|17.192|8296,1,test,/home/fcandia/tesis-primate/data/raw/weddells_saddleBack_tamarin__LW/20240417_072715.wav,missing,lw/cs,,17.192092895507812,17.444326400756836,8296.475066322688,10132.11978120494,0.6884,duda,2026-09-17T01:40:17
val|missing|20240520_070507|lw/cs|16.967|7072,1,val,/home/fcandia/tesis-primate/data/raw/weddells_saddleBack_tamarin__LW/20240520_070507.wav,missing,lw/cs,,16.966604232788086,17.301198959350586,7072.3147363498365,8454.836571002306,0.6882,duda,2026-09-17T01:40:22
val|missing|20240223_164309|lw/cs|22.791|9624,1,val,/home/fcandia/tesis-primate/data/raw/weddells_saddleBack_tamarin__LW/20240223_164309.wav,missing,lw/cs,,22.790508270263672,23.0543212890625,9623.600487820257,11448.31042058622,0.6855,duda,2026-09-17T01:40:24
train|missing|20240219_075843|lw/cs|9.397|8265,1,train,/home/fcandia/tesis-primate/data/raw/weddells_saddleBack_tamarin__LW/20240219_075843.wav,missing,lw/cs,,9.396586418151855,9.60837173461914,8265.306487131244,9441.848347253896,0.6844,duda,2026-09-17T01:40:25
train|missing|20240411_104257|lw/cs|0.533|9845,1,train,/home/fcandia/tesis-primate/data/raw/large_headed_capuchin__SM/20240411_104257.wav,missing,lw/cs,,0.5333956480026245,0.942969024181366,9844.634794738622,12979.568009633833,0.6841,duda,2026-09-17T01:40:28
val|missing|20240405_065325|lw/cs|18.733|6906,1,val,/home/fcandia/tesis-primate/data/raw/weddells_saddleBack_tamarin__LW/20240405_065325.wav,missing,lw/cs,,18.73291778564453,19.081859588623047,6906.489656028051,8783.295914005656,0.6825,si,2026-09-17T01:40:36
val|missing|20240417_072834|lw/cs|11.072|7830,1,val,/home/fcandia/tesis-primate/data/raw/weddells_saddleBack_tamarin__LW/20240417_072834.wav,missing,lw/cs,,11.072239875793455,11.551949501037598,7830.030365108479,9838.20392588971,0.6824,si,2026-09-17T01:40:38
train|missing|20240611_070923|lw/cs|29.462|9083,1,train,/home/fcandia/tesis-primate/data/raw/howler_monkey__AS/20240611_070923.wav,missing,lw/cs,,29.46219253540039,29.766977310180664,9082.761822071854,10148.744282160837,0.6795,duda,2026-09-17T01:41:27
val|missing|20240411_105203|lw/cs|4.05|9477,1,val,/home/fcandia/tesis-primate/data/raw/large_headed_capuchin__SM/20240411_105203.wav,missing,lw/cs,,4.050002574920654,4.613851547241211,9477.364392753316,11405.12562229864,0.6787,duda,2026-09-17T01:41:36
val|missing|20240214_101505|lw/cs|8.126|9198,1,val,/home/fcandia/tesis-primate/data/raw/weddells_saddleBack_tamarin__LW/20240214_101505.wav,missing,lw/cs,,8.126145362854004,8.45986270904541,9198.347290412035,11177.74961302374,0.678,si,2026-09-17T01:41:39
train|missing|20240528_081444|lw/cs|0.682|7580,1,train,/home/fcandia/tesis-primate/data/raw/weddells_saddleBack_tamarin__LW/20240528_081444.wav,missing,lw/cs,,0.6818609833717346,1.010934352874756,7579.619962559092,8894.824782523016,0.6778,si,2026-09-17T01:41:42
train|missing|20240223_165342|lw/cs|0.0|9160,1,train,/home/fcandia/tesis-primate/data/raw/weddells_saddleBack_tamarin__LW/20240223_165342.wav,missing,lw/cs,,0.0,0.3919383287429809,9160.3976398422,11021.944989998285,0.677,si,2026-09-17T01:41:43
train|missing|20240214_101857|lw/cs|17.97|7409,1,train,/home/fcandia/tesis-primate/data/raw/weddells_saddleBack_tamarin__LW/20240214_101857.wav,missing,lw/cs,,17.97039794921875,18.19807243347168,7409.213595186281,7983.963715907779,0.6767,si,2026-09-17T01:41:53
val|missing|20240405_065325|lw/cs|10.908|8774,1,val,/home/fcandia/tesis-primate/data/raw/weddells_saddleBack_tamarin__LW/20240405_065325.wav,missing,lw/cs,,10.907926559448242,11.289358139038086,8773.580721248329,10157.616949611043,0.6756,si,2026-09-17T01:41:56
val|missing|20240217_093000|lw/cs|10.556|6959,1,val,/home/fcandia/tesis-primate/data/raw/weddells_saddleBack_tamarin__LW/20240217_093000.wav,missing,lw/cs,,10.556282997131348,10.794659614562988,6958.976686179416,9168.403201834157,0.6755,si,2026-09-17T01:41:58
train|missing|20240223_165451|lw/cs|51.782|8964,1,train,/home/fcandia/tesis-primate/data/raw/weddells_saddleBack_tamarin__LW/20240223_165451.wav,missing,lw/cs,,51.78238677978516,52.173946380615234,8964.068581634925,10195.558997871323,0.6751,si,2026-09-17T01:41:59
train|missing|20240217_092428|lw/cs|21.884|7378,1,train,/home/fcandia/tesis-primate/data/raw/weddells_saddleBack_tamarin__LW/20240217_092428.wav,missing,lw/cs,,21.884183883666992,22.235483169555664,7378.017177987026,9187.475727367875,0.6732,duda,2026-09-17T01:42:16
train|missing|20240528_081940|lw/cs|18.962|6545,1,train,/home/fcandia/tesis-primate/data/raw/weddells_saddleBack_tamarin__LW/20240528_081940.wav,missing,lw/cs,,18.962411880493164,19.19934463500977,6545.37682558621,7561.485012754542,0.6728,si,2026-09-17T01:42:21
test|missing|20240611_071211|lw/cs|8.573|6502,1,test,/home/fcandia/tesis-primate/data/raw/howler_monkey__AS/20240611_071211.wav,missing,lw/cs,,8.572877883911133,8.983328819274902,6501.5471077323855,7687.716234077728,0.672,si,2026-09-17T01:42:23
val|missing|20240417_072834|lw/cs|12.101|8066,1,val,/home/fcandia/tesis-primate/data/raw/weddells_saddleBack_tamarin__LW/20240417_072834.wav,missing,lw/cs,,12.101129531860352,12.581478118896484,8066.482160696159,10167.358478583375,0.671,si,2026-09-17T01:42:25
train|missing|20240528_081444|lw/cs|0.008|9736,1,train,/home/fcandia/tesis-primate/data/raw/weddells_saddleBack_tamarin__LW/20240528_081444.wav,missing,lw/cs,,0.0079421550035476,0.4052687287330627,9736.435584655848,11763.26852907417,0.6703,si,2026-09-17T01:42:27
val|missing|20240417_073956|lw/cs|16.502|6160,1,val,/home/fcandia/tesis-primate/data/raw/weddells_saddleBack_tamarin__LW/20240417_073956.wav,missing,lw/cs,,16.50234031677246,16.776174545288086,6160.399828088766,9418.572408031068,0.6678,duda,2026-09-17T01:42:30
val|missing|20240417_072834|lw/cs|11.618|7879,1,val,/home/fcandia/tesis-primate/data/raw/weddells_saddleBack_tamarin__LW/20240417_072834.wav,missing,lw/cs,,11.617827415466309,12.027931213378906,7878.517499188111,9558.04748614151,0.6676,si,2026-09-17T01:42:32
val|missing|20240129_123707|lw/cs|0.0|7804,1,val,/home/fcandia/tesis-primate/data/raw/weddells_saddleBack_tamarin__LW/20240129_123707.wav,missing,lw/cs,,0.0004758015275001,0.2270863205194473,7803.638742478967,10393.6664156556,0.6672,si,2026-09-17T01:42:34
val|missing|20240223_164309|lw/cs|22.334|9495,1,val,/home/fcandia/tesis-primate/data/raw/weddells_saddleBack_tamarin__LW/20240223_164309.wav,missing,lw/cs,,22.33407020568848,22.593231201171875,9495.23080655625,11647.136764822282,0.6668,duda,2026-09-17T01:42:37
test|missing|20240417_072715|lw/cs|25.3|8592,1,test,/home/fcandia/tesis-primate/data/raw/weddells_saddleBack_tamarin__LW/20240417_072715.wav,missing,lw/cs,,25.29989242553711,25.82404327392578,8592.230393979962,10012.709158644911,0.6621,duda,2026-09-17T01:42:40
test|missing|20240611_071211|lw/cs|23.965|6926,1,test,/home/fcandia/tesis-primate/data/raw/howler_monkey__AS/20240611_071211.wav,missing,lw/cs,,23.96475410461425,24.45162773132324,6926.124916768691,8293.960379373062,0.6621,si,2026-09-17T01:42:43
test|missing|20240417_072715|lw/cs|23.914|7849,1,test,/home/fcandia/tesis-primate/data/raw/weddells_saddleBack_tamarin__LW/20240417_072715.wav,missing,lw/cs,,23.91382598876953,24.4058837890625,7848.593256474158,10070.75997528587,0.6598,si,2026-09-17T01:42:46
val|missing|20250113_093520|lw/cs|7.041|5934,1,val,/home/fcandia/tesis-primate/data/raw/weddells_saddleBack_tamarin__LW/20250113_093520.wav,missing,lw/cs,,7.041248321533203,7.437008857727051,5934.218807392174,7851.930186732451,0.659,si,2026-09-17T01:42:48
test|missing|20240405_065156|lw/cs|28.392|8612,1,test,/home/fcandia/tesis-primate/data/raw/weddells_saddleBack_tamarin__LW/20240405_065156.wav,missing,lw/cs,,28.391502380371094,28.6809139251709,8611.587408084728,10361.15138034438,0.6589,duda,2026-09-17T01:42:50
val|missing|20240621_151258|lw/cs|9.658|9117,1,val,/home/fcandia/tesis-primate/data/raw/weddells_saddleBack_tamarin__LW/20240621_151258.wav,missing,lw/cs,,9.657944679260254,10.153759956359863,9117.262352133172,10756.930405574813,0.6579,duda,2026-09-17T01:42:53
val|missing|20240405_065325|lw/cs|17.369|7335,1,val,/home/fcandia/tesis-primate/data/raw/weddells_saddleBack_tamarin__LW/20240405_065325.wav,missing,lw/cs,,17.368677139282227,17.70448875427246,7335.253394060668,8622.47680768481,0.6553,si,2026-09-17T01:42:59
val|missing|20240520_070613|lw/cs|2.384|7065,1,val,/home/fcandia/tesis-primate/data/raw/weddells_saddleBack_tamarin__LW/20240520_070613.wav,missing,lw/cs,,2.383708000183105,2.7677788734436035,7064.566076323952,8556.220489993737,0.6519,si,2026-09-17T01:43:09
val|missing|20240405_065325|lw/cs|29.947|7538,1,val,/home/fcandia/tesis-primate/data/raw/weddells_saddleBack_tamarin__LW/20240405_065325.wav,missing,lw/cs,,29.947397232055664,30.33771133422852,7538.435143782007,10299.702916250688,0.651,si,2026-09-17T01:43:11
test|missing|20240405_065156|lw/cs|1.354|7691,1,test,/home/fcandia/tesis-primate/data/raw/weddells_saddleBack_tamarin__LW/20240405_065156.wav,missing,lw/cs,,1.353773832321167,1.7659878730773926,7690.849035200933,9673.813471638015,0.651,si,2026-09-17T01:43:19
val|missing|20240219_080515|lw/cs|35.174|7025,1,val,/home/fcandia/tesis-primate/data/raw/weddells_saddleBack_tamarin__LW/20240219_080515.wav,missing,lw/cs,,35.17387390136719,35.50947570800781,7024.648409485713,10176.469777127131,0.6479,si,2026-09-17T01:43:21
test|missing|20240417_072715|lw/cs|23.381|8021,1,test,/home/fcandia/tesis-primate/data/raw/weddells_saddleBack_tamarin__LW/20240417_072715.wav,missing,lw/cs,,23.38127326965332,23.86454963684082,8020.672016575629,9827.935667528423,0.6455,si,2026-09-17T01:43:22
test|missing|20240405_065156|lw/cs|29.634|8150,1,test,/home/fcandia/tesis-primate/data/raw/weddells_saddleBack_tamarin__LW/20240405_065156.wav,missing,lw/cs,,29.633888244628903,29.93900680541992,8150.410074609204,9333.750035635325,0.6441,si,2026-09-17T01:43:23
test|missing|20240417_073338|lw/cs|13.929|8436,1,test,/home/fcandia/tesis-primate/data/raw/weddells_saddleBack_tamarin__LW/20240417_073338.wav,missing,lw/cs,,13.928718566894531,14.150239944458008,8435.58022833563,10276.559305767469,0.6436,duda,2026-09-17T01:43:25
test|missing|20240405_065156|lw/cs|29.185|8062,1,test,/home/fcandia/tesis-primate/data/raw/weddells_saddleBack_tamarin__LW/20240405_065156.wav,missing,lw/cs,,29.18541145324707,29.51484680175781,8061.610841585628,9887.113999783314,0.6432,si,2026-09-17T01:43:28
val|missing|20240621_151258|lw/cs|10.203|9063,1,val,/home/fcandia/tesis-primate/data/raw/weddells_saddleBack_tamarin__LW/20240621_151258.wav,missing,lw/cs,,10.203262329101562,10.499099731445312,9063.478147311938,10860.449855943014,0.6423,duda,2026-09-17T01:43:32
val|missing|20240429_104519|lw/cs|17.647|7314,1,val,/home/fcandia/tesis-primate/data/raw/weddells_saddleBack_tamarin__LW/20240429_104519.wav,missing,lw/cs,,17.647483825683594,17.999088287353516,7314.405051346949,10957.32603000754,0.6369,duda,2026-09-17T01:43:36
val|missing|20240219_080515|lw/cs|10.506|7866,1,val,/home/fcandia/tesis-primate/data/raw/weddells_saddleBack_tamarin__LW/20240219_080515.wav,missing,lw/cs,,10.505903244018556,10.811076164245604,7866.406449314211,9263.480232858285,0.6368,duda,2026-09-17T01:43:40
val|missing|20240417_072834|lw/cs|26.162|8704,1,val,/home/fcandia/tesis-primate/data/raw/weddells_saddleBack_tamarin__LW/20240417_072834.wav,missing,lw/cs,,26.16154670715332,26.45476150512696,8704.048142597721,10523.06443715239,0.6348,duda,2026-09-17T01:43:42
test|missing|20240405_065156|lw/cs|0.002|7684,1,test,/home/fcandia/tesis-primate/data/raw/weddells_saddleBack_tamarin__LW/20240405_065156.wav,missing,lw/cs,,0.001666635274887,0.412024974822998,7684.2780480834,9883.9090335728,0.6346,si,2026-09-17T01:43:44
val|missing|20240405_065325|lw/cs|12.368|7847,1,val,/home/fcandia/tesis-primate/data/raw/weddells_saddleBack_tamarin__LW/20240405_065325.wav,missing,lw/cs,,12.367849349975586,12.594114303588867,7847.4923552503105,9031.784930113115,0.633,si,2026-09-17T01:43:48
val|missing|20240219_080515|lw/cs|4.465|7835,1,val,/home/fcandia/tesis-primate/data/raw/weddells_saddleBack_tamarin__LW/20240219_080515.wav,missing,lw/cs,,4.465150356292725,4.831404685974121,7835.39354819897,9690.125142069322,0.6303,si,2026-09-17T01:43:50
test|missing|20250113_093935|lw/cs|4.24|8148,1,test,/home/fcandia/tesis-primate/data/raw/weddells_saddleBack_tamarin__LW/20250113_093935.wav,missing,lw/cs,,4.239600658416748,4.50384521484375,8148.406940795062,9625.753054587129,0.6297,duda,2026-09-17T01:43:56
test|missing|20240429_104638|lw/cs|16.031|8896,1,test,/home/fcandia/tesis-primate/data/raw/weddells_saddleBack_tamarin__LW/20240429_104638.wav,missing,lw/cs,,16.03083610534668,16.438451766967773,8896.395669882344,10796.357496432584,0.6279,duda,2026-09-17T01:43:57
val|missing|20240417_074154|lw/cs|26.915|8365,1,val,/home/fcandia/tesis-primate/data/raw/weddells_saddleBack_tamarin__LW/20240417_074154.wav,missing,lw/cs,,26.9145736694336,27.25123405456543,8365.485250936206,9784.05281708326,0.6204,si,2026-09-17T01:43:59
val|missing|20240621_151258|lw/cs|27.002|9490,1,val,/home/fcandia/tesis-primate/data/raw/weddells_saddleBack_tamarin__LW/20240621_151258.wav,missing,lw/cs,,27.00240135192871,27.32578468322754,9490.247908602289,11037.39132913556,0.6162,duda,2026-09-17T01:44:01
val|missing|20240217_092638|lw/cs|7.62|7444,1,val,/home/fcandia/tesis-primate/data/raw/weddells_saddleBack_tamarin__LW/20240217_092638.wav,missing,lw/cs,,7.619651794433594,7.952336311340332,7443.621149519368,11033.86224925048,0.6145,si,2026-09-17T01:44:08
test|missing|20240905_080530|lw/cs|16.513|8798,1,test,/home/fcandia/tesis-primate/data/raw/weddells_saddleBack_tamarin__LW/20240905_080530.wav,missing,lw/cs,,16.512542724609375,17.129013061523438,8798.402445735417,12180.70866262423,0.6133,duda,2026-09-17T01:44:26
val|missing|20240219_080108|lw/cs|45.351|7241,1,val,/home/fcandia/tesis-primate/data/raw/weddells_saddleBack_tamarin__LW/20240219_080108.wav,missing,lw/cs,,45.35050582885742,45.92013549804688,7241.384588319573,9583.851451863651,0.6126,si,2026-09-17T01:44:32
test|missing|20240611_070823|lw/cs|18.019|8434,1,test,/home/fcandia/tesis-primate/data/raw/howler_monkey__AS/20240611_070823.wav,missing,lw/cs,,18.01858329772949,18.58007049560547,8433.57633833119,9557.984274255574,0.6105,duda,2026-09-17T01:44:34
test|missing|20240621_151822|lw/cs|11.806|9365,1,test,/home/fcandia/tesis-primate/data/raw/weddells_saddleBack_tamarin__LW/20240621_151822.wav,missing,lw/cs,,11.805604934692385,12.218695640563965,9364.888395595231,10921.977195216125,0.6091,duda,2026-09-17T01:44:37
val|missing|20240405_065325|lw/cs|14.379|8522,1,val,/home/fcandia/tesis-primate/data/raw/weddells_saddleBack_tamarin__LW/20240405_065325.wav,missing,lw/cs,,14.378658294677734,14.647537231445312,8521.929798367612,9807.029879942653,0.6074,duda,2026-09-17T01:44:39
val|missing|20240207_064511|lw/cs|10.836|8809,1,val,/home/fcandia/tesis-primate/data/raw/weddells_saddleBack_tamarin__LW/20240207_064511.wav,missing,lw/cs,,10.83642864227295,11.180705070495604,8809.010279966267,11487.38780200226,0.6073,si,2026-09-17T01:44:46
val|missing|20240223_164309|lw/cs|23.246|9443,1,val,/home/fcandia/tesis-primate/data/raw/weddells_saddleBack_tamarin__LW/20240223_164309.wav,missing,lw/cs,,23.246427536010746,23.52459526062012,9442.623327746182,10985.612884236554,0.6057,si,2026-09-17T01:44:56
test|missing|20240417_072715|lw/cs|16.242|7950,1,test,/home/fcandia/tesis-primate/data/raw/weddells_saddleBack_tamarin__LW/20240417_072715.wav,missing,lw/cs,,16.24245834350586,16.477205276489258,7950.282580450809,9268.720812732276,0.6036,duda,2026-09-17T01:44:59
val|missing|20240520_070507|lw/cs|17.436|6990,1,val,/home/fcandia/tesis-primate/data/raw/weddells_saddleBack_tamarin__LW/20240520_070507.wav,missing,lw/cs,,17.435522079467773,17.71462059020996,6989.641435597051,8164.939989734488,0.6013,duda,2026-09-17T01:45:01
test|missing|20240119_160049|lw/cs|10.536|7500,1,test,/home/fcandia/tesis-primate/data/raw/weddells_saddleBack_tamarin__LW/20240119_160049.wav,missing,lw/cs,,10.536145210266112,10.80981731414795,7500.425967841671,8681.118454267245,0.5993,si,2026-09-17T01:45:03
val|missing|20240611_070514|lw/cs|0.629|6179,1,val,/home/fcandia/tesis-primate/data/raw/howler_monkey__AS/20240611_070514.wav,missing,lw/cs,,0.6286452412605286,0.9950847029685974,6179.202745893889,6968.9273632603445,0.5976,duda,2026-09-17T01:45:05
val|missing|20240217_092638|lw/cs|40.529|7339,1,val,/home/fcandia/tesis-primate/data/raw/weddells_saddleBack_tamarin__LW/20240217_092638.wav,missing,lw/cs,,40.528621673583984,40.82698822021485,7339.14454806786,11330.353107382083,0.597,si,2026-09-17T01:45:07
val|missing|20240417_072834|lw/cs|25.579|8696,1,val,/home/fcandia/tesis-primate/data/raw/weddells_saddleBack_tamarin__LW/20240417_072834.wav,missing,lw/cs,,25.578834533691406,25.93233108520508,8695.504464254156,10652.572553271157,0.593,si,2026-09-17T01:45:09
test|missing|20240417_072715|lw/cs|28.947|8203,1,test,/home/fcandia/tesis-primate/data/raw/weddells_saddleBack_tamarin__LW/20240417_072715.wav,missing,lw/cs,,28.947025299072266,29.17332649230957,8203.446528309096,9548.49006049688,0.5918,duda,2026-09-17T01:45:11
test|missing|20240621_151822|lw/cs|12.292|9112,1,test,/home/fcandia/tesis-primate/data/raw/weddells_saddleBack_tamarin__LW/20240621_151822.wav,missing,lw/cs,,12.291765213012695,12.772113800048828,9111.813186471983,10924.97594208456,0.5892,duda,2026-09-17T01:45:16
test|missing|20240611_070122|lw/cs|16.106|7341,1,test,/home/fcandia/tesis-primate/data/raw/weddells_saddleBack_tamarin__LW/20240611_070122.wav,missing,lw/cs,,16.105653762817383,16.32738494873047,7340.847210743192,8052.144182692445,0.5882,duda,2026-09-17T01:45:18
val|missing|20240621_151709|lw/cs|24.442|8784,1,val,/home/fcandia/tesis-primate/data/raw/weddells_saddleBack_tamarin__LW/20240621_151709.wav,missing,lw/cs,,24.441993713378903,25.02014541625977,8784.219277950177,10555.69475070546,0.5864,duda,2026-09-17T01:45:21
test|missing|20240405_065156|lw/cs|0.789|7605,1,test,/home/fcandia/tesis-primate/data/raw/weddells_saddleBack_tamarin__LW/20240405_065156.wav,missing,lw/cs,,0.7894505262374878,1.3602906465530396,7605.294150106188,10237.380336456234,0.5765,si,2026-09-17T01:45:23
test|missing|20250113_093935|lw/cs|0.0|7200,1,test,/home/fcandia/tesis-primate/data/raw/weddells_saddleBack_tamarin__LW/20250113_093935.wav,missing,lw/cs,,0.0,0.2593051493167877,7200.158691723236,9038.00971871636,0.5731,si,2026-09-17T01:45:25
test|missing|20240621_151822|lw/cs|23.165|8870,1,test,/home/fcandia/tesis-primate/data/raw/weddells_saddleBack_tamarin__LW/20240621_151822.wav,missing,lw/cs,,23.165245056152344,23.691686630249023,8870.370294128108,10465.132687418178,0.5719,duda,2026-09-17T01:45:28
test|missing|20240210_121015|lw/cs|6.655|8901,1,test,/home/fcandia/tesis-primate/data/raw/weddells_saddleBack_tamarin__LW/20240210_121015.wav,missing,lw/cs,,6.655117034912109,6.932748794555664,8900.906748011625,10417.068359104169,0.5684,si,2026-09-17T01:45:30
test|missing|20240417_073338|lw/cs|13.5|8774,1,test,/home/fcandia/tesis-primate/data/raw/weddells_saddleBack_tamarin__LW/20240417_073338.wav,missing,lw/cs,,13.5,13.699188232421877,8773.683856354386,10844.738373582308,0.5649,duda,2026-09-17T01:45:32
test|missing|20240210_114710|lw/cs|0.691|7815,1,test,/home/fcandia/tesis-primate/data/raw/weddells_saddleBack_tamarin__LW/20240210_114710.wav,missing,lw/cs,,0.6905872821807861,1.1581624746322632,7815.330465289403,10212.605877152831,0.5633,si,2026-09-17T01:45:33
test|missing|20240119_160049|lw/cs|13.117|5777,1,test,/home/fcandia/tesis-primate/data/raw/weddells_saddleBack_tamarin__LW/20240119_160049.wav,missing,lw/cs,,13.116806030273438,13.348902702331545,5777.063972296628,7609.060059971344,0.5488,si,2026-09-17T01:45:37
test|missing|20240505_060435|lw/cs|21.745|7644,1,test,/home/fcandia/tesis-primate/data/raw/toppins_titi_monkey__PT/20240505_060435.wav,missing,lw/cs,,21.74532699584961,22.289257049560547,7644.327564667114,9877.434658417546,0.548,si,2026-09-17T01:45:39
test|missing|20240611_071211|lw/cs|14.668|7708,1,test,/home/fcandia/tesis-primate/data/raw/howler_monkey__AS/20240611_071211.wav,missing,lw/cs,,14.668310165405272,15.08745288848877,7707.815405505725,8706.830133416544,0.5438,duda,2026-09-17T01:45:48
test|missing|20240406_065029|lw/cs|5.155|7449,1,test,/home/fcandia/tesis-primate/data/raw/weddells_saddleBack_tamarin__LW/20240406_065029.wav,missing,lw/cs,,5.1549458503723145,5.417337894439697,7448.947261666051,9055.553696146928,0.5394,duda,2026-09-17T01:45:52
test|missing|20240210_121015|lw/cs|6.219|8913,1,test,/home/fcandia/tesis-primate/data/raw/weddells_saddleBack_tamarin__LW/20240210_121015.wav,missing,lw/cs,,6.2194108963012695,6.500174045562744,8912.742623773733,10456.143923410838,0.5358,si,2026-09-17T01:45:54
test|missing|20240219_081002|lw/cs|23.541|9048,1,test,/home/fcandia/tesis-primate/data/raw/weddells_saddleBack_tamarin__LW/20240219_081002.wav,missing,lw/cs,,23.54119682312012,23.995304107666016,9048.128237202403,11773.482135499671,0.524,si,2026-09-17T01:45:56
test|missing|20240405_065156|lw/cs|8.801|7597,1,test,/home/fcandia/tesis-primate/data/raw/weddells_saddleBack_tamarin__LW/20240405_065156.wav,missing,lw/cs,,8.800827026367188,8.990530967712402,7597.285114597297,8464.793390180765,0.5238,si,2026-09-17T01:45:58
test|missing|20240210_114710|lw/cs|5.784|9168,1,test,/home/fcandia/tesis-primate/data/raw/weddells_saddleBack_tamarin__LW/20240210_114710.wav,missing,lw/cs,,5.783979415893555,5.997411727905273,9168.04442335624,11681.404932113075,0.5226,si,2026-09-17T01:46:00
test|missing|20250113_093935|lw/cs|0.8|7706,1,test,/home/fcandia/tesis-primate/data/raw/weddells_saddleBack_tamarin__LW/20250113_093935.wav,missing,lw/cs,,0.800070583820343,1.1430039405822754,7705.891725647884,9497.06965046882,0.5198,si,2026-09-17T01:46:02
test|missing|20240210_114710|lw/cs|7.041|7386,1,test,/home/fcandia/tesis-primate/data/raw/weddells_saddleBack_tamarin__LW/20240210_114710.wav,missing,lw/cs,,7.041147708892822,7.310967445373535,7385.573739159898,9692.88075828002,0.5175,si,2026-09-17T01:46:06
train|missing|20250108_195047|aa/gc|16.006|85,1,train,/home/fcandia/tesis-primate/data/raw/night_monkey__AA/20250108_195047.wav,missing,aa/gc,,16.006093978881836,16.10230827331543,84.86937273838433,2917.5314280225784,0.8257,si,2026-09-17T01:52:06
train|missing|20240202_192418|aa/gc|13.033|169,1,train,/home/fcandia/tesis-primate/data/raw/night_monkey__AA/20240202_192418.wav,missing,aa/gc,,13.033366203308104,13.12169075012207,168.82465829787677,2508.0971305500743,0.813,si,2026-09-17T01:52:10
train|missing|20241027_201725|aa/gc|5.809|286,1,train,/home/fcandia/tesis-primate/data/raw/night_monkey__AA/20241027_201725.wav,missing,aa/gc,,5.809070587158203,5.902673721313477,286.0811263631198,3369.438285387393,0.7838,si,2026-09-17T01:52:13
train|missing|20240302_051830|aa/gc|31.599|137,1,train,/home/fcandia/tesis-primate/data/raw/night_monkey__AA/20240302_051830.wav,missing,aa/gc,,31.59927749633789,31.70270729064941,136.61861773254765,3190.839307129544,0.78,si,2026-09-17T01:52:16
train|missing|20240302_051830|aa/gc|34.373|100,1,train,/home/fcandia/tesis-primate/data/raw/night_monkey__AA/20240302_051830.wav,missing,aa/gc,,34.37297439575195,34.46757888793945,100.46398644713132,3182.236613722675,0.7693,si,2026-09-17T01:52:19
train|missing|20240202_192418|aa/gc|23.674|201,1,train,/home/fcandia/tesis-primate/data/raw/night_monkey__AA/20240202_192418.wav,missing,aa/gc,,23.67397689819336,23.76386833190918,201.45502244639903,2642.6358507110363,0.7557,si,2026-09-17T01:52:23
train|missing|20250108_195047|aa/gc|19.966|77,1,train,/home/fcandia/tesis-primate/data/raw/night_monkey__AA/20250108_195047.wav,missing,aa/gc,,19.965717315673828,20.05587577819824,76.99753858042888,2520.6141238657624,0.7451,si,2026-09-17T01:52:26
train|missing|20240613_205954|aa/gc|30.443|55,1,train,/home/fcandia/tesis-primate/data/raw/night_monkey__AA/20240613_205954.wav,missing,aa/gc,,30.44346237182617,30.563453674316406,55.2018763967163,2841.60477813288,0.7416,si,2026-09-17T01:52:30
train|missing|20240202_192418|aa/gc|63.183|226,1,train,/home/fcandia/tesis-primate/data/raw/night_monkey__AA/20240202_192418.wav,missing,aa/gc,,63.182952880859375,63.26945495605469,226.02339609898377,2649.558434695211,0.74,si,2026-09-17T01:52:36
train|missing|20240302_051830|aa/gc|18.909|65,1,train,/home/fcandia/tesis-primate/data/raw/night_monkey__AA/20240302_051830.wav,missing,aa/gc,,18.909473419189453,19.0056209564209,64.55367616464191,2865.332456550417,0.7285,si,2026-09-17T01:52:40
train|missing|20240202_192418|aa/gc|14.765|201,1,train,/home/fcandia/tesis-primate/data/raw/night_monkey__AA/20240202_192418.wav,missing,aa/gc,,14.764764785766602,14.858219146728516,201.1291914797621,2479.405754369719,0.7266,si,2026-09-17T01:52:43
train|missing|20240302_051830|aa/gc|38.024|164,1,train,/home/fcandia/tesis-primate/data/raw/night_monkey__AA/20240302_051830.wav,missing,aa/gc,,38.02396774291992,38.11585235595703,163.89777616218407,3237.572242201355,0.7241,si,2026-09-17T01:52:46
train|missing|20250108_195000|aa/gc|17.124|161,1,train,/home/fcandia/tesis-primate/data/raw/night_monkey__AA/20250108_195000.wav,missing,aa/gc,,17.124343872070312,17.210071563720703,160.87577382255537,2513.027329280875,0.711,si,2026-09-17T01:52:50
train|missing|20241027_201725|aa/gc|3.082|255,1,train,/home/fcandia/tesis-primate/data/raw/night_monkey__AA/20241027_201725.wav,missing,aa/gc,,3.0815024375915527,3.168947219848633,255.3393279094915,3425.382552973618,0.7062,si,2026-09-17T01:52:56
